0.7024506,-0.036154423,0
0.9729268,0.34878248,0
0.6079475,0.29305294,0
-0.11081145,0.0006112717,0
2.073172,0.65558815,0
1.3486047,0.93548423,0
1.5827464,-0.112123385,0
1.291717,1.1232942,0
0.87691754,0.25857064,0
0.6917863,0.43959892,0
1.0322499,-0.1933616,0
0.89344287,-0.034195546,0
1.233633,0.5417059,0
0.7199392,0.07197283,0
0.3305608,0.22048444,0
0.060575582,-0.07014027,0
0.55589265,-0.18528707,0
0.22949804,-0.030575883,0
-0.13344777,-0.23804545,0
-0.16103837,-0.056857243,0
0.47998187,-0.097133465,0
1.1914457,0.7209556,0
0.111232035,-0.102640465,0
0.61919296,-0.19009237,0
2.3149562,-0.51651937,0
0.98067504,0.76245654,0
0.9461523,-0.003907826,0
-0.13733186,-0.20709375,0
0.7820996,0.26697314,0
1.8652319,0.8152863,0
0.27987123,0.090848625,0
0.52014494,0.22836179,0
0.4938664,-0.116506554,0
0.5094219,0.10412862,0
1.0291703,0.48814267,0
-0.07766187,-0.20065227,0
-0.036799792,-0.19235612,0
2.063404,1.0320747,0
0.93002856,-0.37507588,0
1.3494914,0.62660515,0
0.11031051,0.21420547,0
1.8936771,0.40474376,0
1.2738252,0.7754071,0
1.3768969,0.31912434,0
0.4828074,0.25596908,0
0.13102694,0.32026035,0
0.5293429,0.42371625,0
1.5022167,0.67996144,0
0.21640664,0.08112093,0
1.3075675,0.71293056,0
0.87969637,0.35900554,0
0.83752716,-0.116762,0
0.41154557,-0.15469211,0
0.73765975,0.15876022,0
2.612845,0.995231,0
0.62947816,0.21290766,0
0.4129536,0.42481577,0
0.38419765,-0.25330555,0
0.40381435,-0.17729613,0
0.8538458,-0.101455785,0
1.968417,1.1647805,0
0.1586388,-0.3894585,0
0.45528552,-0.119517334,0
0.11284865,0.1487421,0
0.6936065,0.34289184,0
0.46243763,0.15824333,0
0.46944696,0.19719087,0
1.6217297,1.3579173,0
0.382964,-0.16981357,0
0.26055938,0.16596805,0
0.074364804,-0.39873022,0
1.7111399,0.32248598,0
1.2095649,0.08231995,0
1.7768834,0.67486733,0
0.5462557,0.17223728,0
1.3445445,0.15789498,0
0.70453936,-0.25294936,0
1.2556424,0.1832312,0
0.4173818,-0.03443256,0
1.2883829,0.16525818,0
1.4567969,-0.13672736,0
1.3512354,0.2656731,0
1.0074004,-0.0488049,0
1.4008715,0.6294572,0
2.6601865,0.8726144,0
2.3626595,0.48273128,0
0.7594575,0.40450883,0
1.7484276,0.8392561,0
0.78611493,-0.11327042,0
1.6415794,0.46950072,0
1.6797665,-0.562705,0
1.1343775,-0.5215139,0
1.1285022,0.14914294,0
1.0002471,-0.46130723,0
1.2413988,-0.35282376,0
1.0090615,0.21706441,0
-0.41565314,-0.23658544,0
1.530425,0.8314312,0
1.0517372,-0.31373182,0
1.1039385,-0.12976755,0
1.0652598,-0.043232996,0
1.4772451,0.41405106,0
0.032922033,0.20944317,0
1.1343876,-0.18129158,0
-0.026849441,-0.04183888,0
0.85409826,-0.06694731,0
1.0416102,-0.38511103,0
1.9656417,-0.51702696,0
0.5752728,0.331048,0
1.0492197,-0.31916484,0
0.7925385,0.21763968,0
1.1582785,0.25954401,0
0.7206831,0.18517624,0
1.0035876,-0.055531323,0
0.4757786,0.7360925,0
0.60375863,0.3385337,0
1.7367291,-0.63393,0
0.99143577,0.36299926,0
0.93691903,-0.21094951,0
0.12306675,-0.26495317,0
0.56580675,-0.3535033,0
2.1351418,1.8126037,0
0.96775365,0.17127772,0
1.4225019,-0.78318805,0
1.4184241,0.6962327,0
1.461885,1.2976619,0
0.9035421,0.3135038,0
1.1320513,0.27068183,0
0.95464694,0.28262728,0
1.5517551,-0.16218928,0
1.2973464,0.81501067,0
0.7010999,0.010510795,0
1.7499772,0.5216476,0
1.1857402,-0.26013172,0
1.2489007,0.04971715,0
1.6360273,1.0872099,0
1.1511735,-0.18249986,0
1.4450482,-0.26403505,0
0.80669147,-0.08752584,0
1.5946349,-0.70623016,0
1.8269523,-0.531078,0
1.6824099,0.7348873,0
1.7820588,-0.7907652,0
2.4410033,0.89981866,0
0.6057673,0.010512774,0
0.6614653,-0.42619404,0
1.3262689,0.5401446,0
2.2888474,0.26579165,0
1.7447747,0.47696653,0
0.8736498,-0.10136507,0
1.0118095,-0.8357992,0
1.0854295,0.2519189,0
0.20279026,-0.5143139,0
0.41719928,0.09456121,0
0.6745052,0.16549444,0
0.19045146,0.116792664,0
0.7308038,-0.07995285,0
0.3254429,-0.25978345,0
1.9232823,1.4524156,0
0.670209,0.16668338,0
2.074956,0.8083174,0
1.8551475,1.0176432,0
1.1497364,0.42949063,0
0.0786378,0.1503334,0
0.24849184,-0.24108218,0
1.8243983,0.8928987,0
2.2519538,0.56928027,0
-0.16301093,0.1915172,0
1.0575085,0.60212374,0
1.8741668,0.9708091,0
1.582511,0.9377929,0
0.21625781,-0.11510022,0
0.24647693,0.16512895,0
-0.35445577,-0.11910093,0
0.5368425,0.35507452,0
2.231694,0.9103143,0
-0.22285135,-0.032501567,0
1.7960675,1.0194142,0
0.61393213,-0.023098165,0
1.2751817,0.41099042,0
1.680331,0.7152257,0
1.0721164,0.367118,0
2.027139,0.2851256,0
1.6825302,0.50945216,0
0.03590822,-0.26295304,0
0.70877993,0.93325347,0
0.74250597,-0.32431376,0
0.38009775,-0.10976072,0
1.2687014,0.29553112,0
2.9020402,1.2551023,0
2.1541111,0.9490092,0
1.7247255,0.72274435,0
0.7763466,-0.286781,0
0.36108217,0.3170718,0
1.279048,0.28710616,0
-0.020245515,0.25851986,0
0.05813481,0.013715349,0
0.4984919,0.21956678,0
0.9592221,0.35538247,0
0.2811292,0.02257139,0
0.8772579,0.47100136,0
1.0079337,0.29876125,0
0.14224118,-0.017250048,0
1.2041382,0.67196554,0
0.56380093,0.67296606,0
0.5267269,0.25621513,0
-0.90211606,-0.48093104,0
0.78313243,1.0911925,0
1.049993,0.5146836,0
0.95747423,0.12520556,0
0.7767097,0.71156156,0
0.74665934,0.3152141,0
0.20566387,0.32448176,0
1.0652109,0.49830973,0
0.6232303,0.07358537,0
-0.21655689,-0.14072981,0
2.3282504,0.75154173,0
0.2171794,-0.08461026,0
1.2772022,0.7277622,0
-0.123555444,0.10583538,0
-0.08950181,-0.04809714,0
2.2366095,1.1834215,0
2.8326228,1.2019283,0
1.1981758,0.443951,0
0.71737796,0.16222835,0
-0.60541564,-0.052107207,0
0.9518695,0.19824964,0
1.3002462,0.7801852,0
1.3163105,0.5592898,0
-0.06328201,0.24797219,0
0.6160679,-0.14837371,0
0.34197608,0.28959385,0
-0.26744062,-0.099565,0
0.9240654,0.3817813,0
1.2237031,0.22141282,0
2.8144732,1.073065,0
2.008872,0.431766,0
0.073451586,0.071630806,0
-0.19618927,0.008207049,0
0.38376454,0.25197327,0
-0.09556609,0.3588996,0
0.076661736,0.2878194,0
0.2177524,0.17862049,0
0.12701963,0.124197654,0
0.5489222,0.62055,0
0.25,0.22294617,0
0.78766346,0.36457458,0
0.4911865,0.21029936,0
0.37442553,0.11455734,0
0.46953136,-0.04139175,0
0.52256674,0.37680662,0
0.076661736,0.2878194,0
0.40600193,0.25114423,0
-0.29640415,-0.043429542,0
0.7038668,0.5984272,0
-0.36528927,-0.13937019,0
0.0404861,0.20203733,0
0.58151305,0.039499473,0
1.49199,0.86407566,0
0.23400424,0.08033403,0
0.7537658,-0.55536556,0
-0.41261885,0.083106466,0
-0.015759833,0.2715178,0
0.29785374,-0.121178,0
1.0037277,0.114134975,0
0.59444565,0.23915508,0
-0.33205804,-0.08917984,0
0.56540096,0.022297762,0
2.3934226,1.1903878,0
2.6049044,0.24842958,0
-0.0073835505,-0.0044771302,0
0.0847295,-0.08972394,0
0.105080895,0.18562841,0
0.0788238,-0.061276287,0
0.21167846,0.14373487,0
1.0786417,0.5609127,0
0.067902066,0.21236563,0
0.5458252,-0.03892277,0
0.12797886,0.0589154,0
0.2177295,-0.2767561,0
1.014985,0.42865622,0
0.8072904,0.24156229,0
-0.5744977,0.09384002,0
1.9634722,0.4314154,0
0.36262313,0.2134867,0
-0.14457758,0.09941747,0
1.0167865,0.04349374,0
-0.37787285,0.0054417774,0
0.5861871,0.13887694,0
-0.098000266,0.09505617,0
0.24750338,0.40652564,0
-0.10276144,0.26292577,0
0.10388958,0.3088629,0
-0.20552555,0.2204425,0
0.24628913,0.5332393,0
0.32320064,0.023456596,0
0.66667694,-0.26923448,0
0.22581354,0.353561,0
0.6403244,0.1190013,0
0.5978925,0.20654994,0
0.40703204,0.14785747,0
0.43084,0.41270205,0
0.4531864,0.040400747,0
0.3503558,0.21880308,0
0.5908993,0.39224938,0
0.8930201,0.49509045,0
0.7965711,0.43699247,0
0.04249916,0.63857627,0
0.61864823,0.091076866,0
-0.23522851,0.120153025,0
0.5692826,0.23725544,0
0.39472646,0.6680398,0
0.14840585,0.29791892,0
2.2131023,2.0101037,0
0.03462051,0.10397307,0
0.052307725,0.20350546,0
-0.5943638,-0.013732204,0
1.9993265,1.0954186,0
0.7246272,0.22206607,0
-0.58764374,0.4425532,0
0.9267568,0.34376854,0
-0.24665485,-0.1563212,0
0.41850904,-0.19157988,0
0.21911526,0.041064836,0
2.7777088,1.2665654,0
2.7855003,0.7743998,0
0.29863024,0.23343378,0
0.37426555,0.42255348,0
1.6444,0.5331919,0
0.68372846,0.32607412,0
1.4181597,0.72876734,0
1.359437,0.6664333,0
1.9217678,0.2689162,0
0.69107926,0.4290518,0
0.43158317,0.009844417,0
0.8216776,0.33942562,0
0.7812809,0.2818145,0
1.2962171,0.7082597,0
-0.18394998,0.22897568,0
0.60245913,-0.22097208,0
2.0585423,0.8087122,0
0.6627671,0.5180881,0
1.5261583,0.39546308,0
0.31539753,0.48357242,0
0.37587553,0.019595902,0
1.7020017,0.40103254,0
0.5345753,0.14228545,0
-0.28600484,-0.13214283,0
2.5606496,1.2293683,0
1.0329709,0.5891443,0
1.2910234,0.7182077,0
0.37246606,-0.0318658,0
0.07550147,0.11255284,0
0.74853367,0.537391,0
2.0823736,0.21649,0
0.2703186,0.11314865,0
1.029643,-0.44084173,0
-0.099275865,0.23592752,0
-0.23372845,-0.18941125,0
-0.039037153,0.6010455,0
1.3557315,-0.51213896,0
0.38440835,0.3693408,0
1.8399178,0.642394,0
0.52704763,0.5164348,0
0.7995698,-0.5819084,0
-0.028105505,-0.014465626,0
0.017927073,0.10487079,0
2.2525933,0.714255,0
1.2379332,0.73707956,0
1.0215946,0.6167889,0
-0.17317094,-0.10764398,0
0.952699,0.2950331,0
0.9382069,0.26134974,0
1.1046253,0.45340514,0
1.9212583,0.877613,0
1.3824056,0.52435076,0
2.3804932,0.57341087,0
0.48505786,0.36924696,0
0.6165569,-0.20949374,0
0.8229106,-0.18643998,0
0.37426555,0.42255348,0
2.517509,0.8399455,0
1.4602537,-0.20717135,0
0.6022067,-0.09084654,0
1.5981263,0.38543713,0
0.9245965,0.34461698,0
0.5809122,0.17804529,0
0.6003162,0.0791851,0
1.2096168,0.072892204,0
0.6039711,0.43713552,0
0.30363598,0.13368464,0
0.44443855,0.07696599,0
0.7336833,0.526423,0
2.0663843,1.056991,0
1.5538552,0.75126404,0
0.24035187,0.26090097,0
1.2592226,0.52070785,0
0.030232873,-0.16638976,0
0.5308459,0.2772745,0
3.1499548,1.343988,0
0.6405021,0.4627808,0
2.266468,1.21727,0
2.0935133,1.6054512,0
-0.70465004,-0.5054732,0
0.738742,0.47515303,0
1.9459898,1.3527532,0
0.9547068,0.70004183,0
1.0066279,0.8116389,0
0.0051481323,0.43113473,0
0.33205703,0.21451372,0
1.0214387,0.7618834,0
2.5335894,1.3377832,0
1.737465,0.95836174,0
3.14951,1.3297879,0
0.40596673,0.3363942,0
0.75561124,0.5421642,0
0.90707535,0.7176871,0
0.74509805,0.57180476,0
0.23559801,0.24411508,0
0.60342884,0.110967785,0
-0.57627684,-0.4215189,0
0.37172645,0.047990434,0
1.3134841,0.94123155,0
0.31131744,0.24983022,0
0.89157945,0.4937372,0
-0.2548482,-0.0628297,0
1.6536049,0.88496304,0
2.2376363,1.1640496,0
2.7616649,1.7145367,0
0.8480727,0.47577003,0
2.6295514,1.3384447,0
-0.31306297,-0.05905328,0
0.37191874,0.37825063,0
2.2999294,1.1057352,0
-0.986542,-0.4662086,0
1.1333404,0.7546634,0
0.34242916,0.19013798,0
2.1585944,0.69651383,0
2.8536859,1.5071001,0
1.0610886,0.76236755,0
2.1040184,0.6605894,0
0.71054375,0.41352135,0
1.086274,-0.19557977,0
0.99915844,0.6790895,0
0.6245813,0.38647363,0
3.1104546,1.431765,0
2.5527196,1.2521671,0
0.6834393,0.46134353,0
1.3682247,0.9477659,0
1.6348532,0.8952442,0
-0.94625807,-0.49052045,0
2.1436632,0.12715292,0
0.5276294,-0.18463686,0
2.583189,0.8016408,0
1.9689987,0.5088078,0
0.97446996,1.0469004,0
1.1761769,-0.08173837,0
0.7435884,0.34275004,0
0.45945156,0.49529162,0
1.2780347,0.8863602,0
2.0910494,0.86263704,0
0.5149031,0.6899515,0
2.315371,1.6438005,0
0.68589604,0.32504344,0
-1.0025383,-0.14794901,0
0.5664693,0.36957213,0
0.81012934,0.7035908,0
2.0227334,1.3682306,0
2.8752813,1.4696201,0
0.89539635,0.5145533,0
1.5937313,0.8436537,0
0.85853475,0.7897003,0
0.7188831,0.3888656,0
0.76815575,0.38258812,0
-0.69721454,-0.2666502,0
2.2802224,1.4370185,0
0.53858835,0.30433983,0
0.76496315,0.4353656,0
3.177928,1.4208213,0
1.2288188,0.29941958,0
2.5653405,1.558811,0
0.60257703,0.43896288,0
0.5508288,-0.5790067,0
0.7303282,0.11616701,0
0.52080244,0.26007357,0
0.17926161,0.3151254,0
2.2861567,1.1279206,0
0.0017738855,-0.27478385,0
-0.75993323,-0.43649328,0
1.4993246,-0.530169,0
1.6216967,0.26718727,0
0.061850466,-0.040014595,0
-0.2574195,-0.42564532,0
1.9721475,0.6877772,0
2.751265,0.8177073,0
1.7595967,0.74384785,0
2.949686,1.1973379,0
0.0033372687,-0.14226101,0
2.0319803,0.3933125,0
1.0120745,0.07182052,0
1.6165084,0.6512196,0
1.3417438,-0.03546997,0
0.7511517,0.0054294025,0
-0.01915064,-0.09519704,0
2.9264169,1.2584267,0
2.4883716,0.28689855,0
1.9308257,0.60066533,0
0.8342781,-0.3336168,0
1.9351695,-0.29926768,0
2.5510406,0.56291145,0
1.8698329,1.4038466,0
-0.8887724,-0.2505194,0
1.1199043,0.012291869,0
0.12231365,0.27219757,0
0.5741879,0.10704395,0
1.2492704,-0.13758054,0
1.7222314,0.050683856,0
0.05719635,0.2943997,0
1.9139211,0.65190065,0
0.036696278,-0.14119017,0
0.33960155,0.10314585,0
2.719655,1.310499,0
-0.63860524,-0.17175156,0
1.4351554,0.018869843,0
2.6169624,1.0812663,0
2.5996318,0.8688858,0
2.7472308,0.6403656,0
1.7593361,0.16618934,0
0.09717374,0.036731064,0
0.30431837,-0.043195873,0
0.5582651,0.19653685,0
0.67613876,0.47748783,0
2.5432775,1.1935565,0
0.65256417,0.88130337,0
-0.11463,-0.40647563,0
0.45515,0.4752134,0
2.0778017,0.5161754,0
1.8481843,0.58360267,0
2.094695,0.30796906,0
2.701529,1.3890929,0
1.1590716,0.8448747,0
0.61161745,0.30443332,0
-0.42542747,0.014610205,0
0.5342558,0.055880383,0
-0.44565642,-0.118996955,0
0.037121784,0.046305038,0
0.4330859,0.054946337,0
1.2299908,0.28873143,0
0.32492644,0.24177176,0
1.6745691,0.13134477,0
3.0238376,1.4771311,0
2.3518262,1.0798497,0
1.7893153,0.51609457,0
2.9329793,1.2830766,0
0.91327184,-0.060995698,0
1.4060014,0.10614818,0
0.3784773,0.22387151,0
2.5927377,1.1345897,0
1.1510414,0.37421122,0
0.14201061,0.35787728,0
0.8598104,0.07480168,0
2.5740108,1.1598723,0
0.16477184,-0.21984085,0
0.43711916,-0.21074486,0
-0.3713174,-0.12258312,0
0.93651325,0.4517594,0
0.8486273,-0.35344148,0
0.47861132,-0.037189268,0
2.8420773,1.4806901,0
0.26457685,0.03946635,0
0.40463594,0.96406984,0
1.3328153,0.553775,0
1.885075,0.5396611,0
0.6167931,0.27341545,0
-0.39074033,0.05193001,0
0.3183898,0.4846332,0
-0.06749394,-0.33072996,0
0.5525737,0.19192822,0
1.0078489,0.98634034,0
2.3068347,0.69220585,0
0.7783919,1.2081596,0
-0.28523207,-0.13038263,0
0.202837,0.3207304,0
1.8379449,0.89279824,0
0.84705436,0.04327086,0
0.016262889,0.21622159,0
0.7387347,-0.16503634,0
-0.1616629,0.09744759,0
1.6729765,0.65091485,0
1.3300751,-0.6500587,0
-0.09919617,-0.11471598,0
0.6236089,0.22300626,0
1.4824188,0.72047406,0
1.1862314,0.19879973,0
0.38615128,0.03329418,0
-0.30867204,-0.06746203,0
-0.5828404,0.1127186,0
0.82066464,0.49661845,0
1.1548465,1.1507598,0
0.40083975,-0.049716614,0
0.9132306,0.50959694,0
0.5744185,0.8644341,0
0.35661235,0.23414356,0
0.16411659,-0.05861762,0
0.581284,-0.57284546,0
0.5863581,0.17746001,0
1.0732342,-0.31962556,0
0.39277765,-0.30526647,0
1.1945943,1.6689705,0
0.7559621,0.87638897,0
0.5393222,-0.08125519,0
0.21497256,-0.089806035,0
1.7025131,0.73592675,0
0.90268755,0.09601787,0
1.0857459,0.31940255,0
1.4744403,0.9196864,0
0.4749898,-0.0013073375,0
1.0329747,0.6585107,0
2.1086855,1.1302708,0
-0.04707638,-0.028643541,0
0.11221772,-0.04704727,0
2.842991,1.1642357,0
0.5760932,-0.1336071,0
1.6531955,0.27282596,0
1.3867642,0.5675234,0
0.6177931,-0.22741555,0
0.47675148,0.39501473,0
0.3159727,0.45039946,0
2.4815712,1.2437491,0
-0.09247532,0.050433967,0
-0.2176262,-0.001676159,0
1.0184101,-0.29626587,0
0.16125418,-0.026819956,0
0.7460788,0.283765,0
0.5708562,0.21700265,0
2.5278745,0.3393647,0
1.3122537,0.9846214,0
2.1715546,0.7341075,0
0.4211431,-0.3339655,0
0.31197008,0.22473171,0
-0.73221135,-0.36944854,0
1.5310732,-0.047005408,0
0.7023991,0.36670074,0
0.5601654,0.54791576,0
0.6406247,-0.24875781,0
0.019394562,0.3807807,0
1.3189031,0.61141956,0
-1.023568,-0.4123743,0
0.9511385,0.5164718,0
0.842675,0.3827404,0
-0.08554313,0.27204168,0
0.4790586,-0.1096972,0
1.376506,0.23442313,0
-0.08871714,-0.17590913,0
0.23927978,0.14608227,0
1.2869699,0.4224715,0
0.69329405,-0.37555328,0
0.23611906,0.2752827,0
0.7444417,-0.29886836,0
0.29864278,0.108974606,0
1.0743668,-0.63739645,0
0.9520522,0.0706303,0
1.4171469,0.70844764,0
0.1927551,0.018126927,0
0.9571982,0.23348564,0
0.71342677,0.164792,0
2.4204895,0.89703524,0
0.73642594,-0.04895106,0
0.50611293,0.3690295,0
0.9744412,0.09526092,0
1.9839544,0.4429565,0
1.4998459,0.35457644,0
-0.93754834,-0.46578702,0
0.4861207,-0.3800794,0
1.5432316,0.65729135,0
1.0121919,0.14024584,0
2.2040565,0.77740324,0
1.5801383,0.75846064,0
0.78950876,0.25656894,0
1.5613247,0.6015374,0
0.9514089,0.52707374,0
2.0151396,0.6263938,0
1.2326411,0.5571544,0
1.2359763,0.60732806,0
1.1747315,0.47888425,0
0.66837424,0.22615041,0
0.49603373,0.21153204,0
1.4543349,0.7200066,0
0.5442515,-0.16330889,0
0.4345148,-0.17327042,0
-0.08126773,0.14254206,0
0.57394207,0.13065028,0
2.0213747,0.021065824,0
1.4411869,0.6260206,0
1.8583233,0.745068,0
0.2659794,0.13805848,0
0.6894556,0.023076827,0
0.36151743,0.026370712,0
2.5384219,0.7049634,0
0.052273266,0.039257273,0
0.97665775,2.0466428,0
0.34178582,0.26157516,0
1.0409791,-0.0010635294,0
1.3601909,0.36215618,0
0.86235267,0.10520726,0
-0.25553212,-0.005810499,0
0.42652395,-0.08252144,0
-0.18739001,0.18633953,0
2.63073,0.89918154,0
0.8312329,0.31444943,0
-0.13180412,0.128435,0
2.0923545,0.6623605,0
1.5354555,0.61719555,0
1.6508329,-0.38611346,0
1.0384256,0.4616422,0
1.0835813,0.6837984,0
0.20844881,-0.25009122,0
0.7245134,0.25086778,0
0.2802917,-0.081508316,0
0.6308613,0.04994777,0
1.1630787,0.46133357,0
1.5214057,0.25563172,0
1.3882685,0.56280315,0
1.2285208,-0.9471829,0
0.11827143,-0.09840671,0
1.2506633,0.5081996,0
0.30819103,0.22079271,0
0.25077587,0.007816144,0
1.1736034,0.08117537,0
3.114453,1.2470043,0
3.164298,1.2960852,0
1.7085341,0.7326525,0
0.51491743,-0.1909398,0
1.5588517,0.69247425,0
0.35886845,-0.08392955,0
1.9918119,0.8314164,0
0.07134126,0.044683285,0
2.7255428,1.8098606,0
1.7648984,0.74070597,0
-0.7784739,-0.13945636,0
0.18738894,-0.18640323,0
-0.53342015,-0.10512675,0
0.7653824,0.29913798,0
0.039712857,0.20553859,0
2.265691,0.036644995,0
-0.4658327,-0.25669846,0
1.1866959,0.62777895,0
1.3368007,0.8318014,0
0.80539423,0.28045344,0
-0.8868601,-0.02788642,0
2.0037808,0.84798616,0
1.1437461,0.40630248,0
0.653311,0.46841332,0
0.9550241,-0.1371276,0
1.7622769,1.1238642,0
0.27987158,0.064669944,0
-0.2162576,-0.026605029,0
2.4234483,1.0412174,0
-0.3497716,0.3973855,0
0.84420544,-0.18760636,0
1.1023439,0.44539717,0
1.277073,0.43661314,0
0.4870691,0.19235772,0
0.7835048,-0.10302099,0
1.114028,0.80875474,0
1.0012032,0.46685013,0
-0.045047343,0.019459523,0
1.2919126,-0.29147267,0
1.1673347,0.07138647,0
1.64505,0.47885108,0
1.130045,0.28395888,0
0.6485594,-0.5134072,0
0.3269435,-0.35338718,0
1.2802697,0.44661725,0
1.225878,0.29744127,0
1.9062988,0.5849764,0
0.5591083,0.1841217,0
0.12545374,-0.028333697,0
0.94107103,0.6612073,0
2.2102933,0.15378192,0
1.761666,0.75424504,0
1.8368263,0.80201787,0
0.92709494,0.43418333,0
0.7394719,0.34365642,0
-0.026452646,0.082227394,0
0.813584,0.008447662,0
1.0368934,0.17195888,0
1.4594272,-0.23891284,0
-0.7944744,-0.15912536,0
0.55748975,0.055462196,0
0.14415972,0.10082543,0
0.9208618,0.5406504,0
-0.6740713,0.30392367,0
-0.9337106,-0.3846488,0
0.7538308,0.617134,0
1.5177821,0.2570044,0
0.38483873,0.058975764,0
0.38563028,0.47516948,0
0.3557854,0.16443211,0
0.98979115,0.35863462,0
1.4567056,0.17204104,0
0.7360224,0.8116941,0
1.4242646,0.11539751,0
0.12982625,0.10681998,0
1.3879802,0.46260142,0
0.81458914,-0.22187364,0
1.4383504,0.76981056,0
1.1517544,0.7071453,0
0.50705904,0.28853762,0
-0.035260603,0.13810712,0
1.0187272,0.7405238,0
1.3957878,0.69408375,0
1.0007839,0.14414349,0
0.25322515,0.15050152,0
1.0122874,0.29955474,0
0.602884,0.26427713,0
0.035014722,0.071567394,0
-0.27014437,-0.1739743,0
0.31669608,-0.03793966,0
1.2521381,0.5106873,0
0.8358363,0.09883003,0
0.5376227,0.42789865,0
1.7093339,0.7905256,0
0.4441734,-0.07653053,0
1.734307,1.1235336,0
-0.29680258,0.016563198,0
0.25892654,-0.12530506,0
0.2995162,-0.25851053,0
-0.12588727,-0.12370913,0
0.5226769,-0.21073356,0
0.057696115,-0.025743034,0
0.65324676,0.9458353,0
-0.6335705,-0.6855496,0
-0.35799605,0.1397549,0
0.9121943,-0.46851605,0
0.41278046,-0.026890732,0
-0.21633254,0.0007332694,0
1.245278,-0.21008146,0
0.032232963,0.3779701,0
0.7632418,0.4226475,0
-0.71761054,-0.07490199,0
-0.14093709,-0.003886275,0
-0.55433786,-0.12581705,0
1.0614396,0.05455007,0
0.0001519369,0.49727604,0
2.060294,0.2576616,0
0.2393324,0.24409021,0
0.00953078,0.17353638,0
0.4730629,0.35308012,0
1.1335857,0.852814,0
-0.10066038,0.03847652,0
0.025603034,-0.25734553,0
0.41210738,-0.3463339,0
0.10515771,0.61196357,0
0.08975216,0.05907308,0
0.08293213,0.35040736,0
0.42217547,-0.16126035,0
1.8165127,0.36491665,0
2.042708,0.4820029,0
0.2699241,0.43427077,0
1.1587822,0.37116057,0
1.4279565,0.33989874,0
0.3927746,0.5960959,0
-0.07036517,0.47717705,0
-0.071857,0.063979775,0
-0.3989701,-0.20636658,0
2.2931507,0.66298896,0
2.3875732,1.3631088,0
0.11163793,0.32775873,0
0.23358463,0.7308424,0
1.4415393,0.474601,0
2.1625838,0.71059275,0
0.17464328,-0.019130405,0
-0.29810277,0.13331307,0
2.5704622,1.0451896,0
-0.04034016,0.43222272,0
0.375175,0.2794888,0
0.23589902,0.49319255,0
1.3796875,-0.20462833,0
-0.24108772,-0.22234923,0
0.5420551,0.8400797,0
1.1422843,-0.67040414,0
1.7131997,-0.027931906,0
1.5038162,0.54194,0
-0.16513352,-0.33578786,0
2.1286213,0.57669055,0
1.7689868,1.4639374,0
0.46636727,-0.121552765,0
-0.13047938,-0.1366263,0
0.52413046,0.6951816,0
1.3047578,0.20688865,0
1.3873374,0.27987581,0
1.2499425,0.45806938,0
0.20768933,0.22812817,0
0.28521067,0.58265734,0
-0.24183165,0.035410576,0
1.9086939,-0.618575,0
0.8689726,0.3667838,0
0.9656032,-0.030898884,0
-0.3590086,-0.0830785,0
0.24946609,0.17844468,0
0.81693125,0.3357809,0
0.057781793,0.07624746,0
-0.08203385,0.3453931,0
-0.19538993,-0.084278114,0
0.12236383,-0.0030512363,0
0.47476912,0.039719224,0
1.9078953,1.1617687,0
-0.48789567,-0.07224635,0
0.87852013,0.31186458,0
0.7852542,0.51200014,0
0.25292042,0.29909948,0
1.2243286,0.8298861,0
0.9733781,0.65975076,0
0.09285455,0.009552559,0
0.5091676,0.29722002,0
0.9611737,-0.15258953,0
0.64018613,0.038647592,0
-0.035497528,0.40396363,0
2.1348598,-0.31481612,0
0.40314204,-0.033544168,0
-0.019676127,-0.17591126,0
-0.37617153,0.0014692247,0
-0.0028766235,0.10448191,0
0.57512975,0.30898738,0
-0.13551053,0.11066753,0
0.34596923,0.15798973,0
0.14814524,-0.07374831,0
-0.072196454,0.069328696,0
0.462548,0.5898414,0
0.73190725,0.14087726,0
0.2442819,-0.0046099853,0
0.13774878,0.12417199,0
0.36528337,0.46135998,0
1.7058997,-0.046722017,0
0.020787377,0.08309307,0
0.28555512,0.12702042,0
0.62748265,0.028967848,0
0.21778221,0.1832761,0
0.7636012,-0.026093688,0
-0.0584779,-0.020262819,0
0.07845879,-0.07202566,0
0.6296251,0.027821384,0
0.32320064,0.023456596,0
0.07832974,-0.006302217,0
0.74866056,0.68412685,0
0.29588518,0.2035921,0
0.23232962,0.01546008,0
0.3804886,-0.37886155,0
1.0934936,0.6632104,0
0.36940354,0.28833953,0
0.08192062,0.28627563,0
0.574117,0.21301238,0
0.59679174,-0.060517542,0
0.0025347797,-0.00094321184,0
0.30161026,-0.21622199,0
-0.10276144,0.26292577,0
0.12701963,0.124197654,0
0.8939433,0.2591514,0
0.740064,0.12941496,0
-0.007958486,0.01792218,0
0.115644164,0.10380451,0
0.08487164,-0.117869265,0
1.0479344,-0.062333435,0
0.43110493,0.061814666,0
0.78766346,0.36457458,0
0.69816095,0.16823982,0
1.5976791,0.5391491,0
0.2890271,-0.14847825,0
0.5458252,-0.03892277,0
0.23751806,0.01831419,0
0.58151305,0.039499473,0
0.26202762,0.12969035,0
-0.23522851,0.120153025,0
0.16423897,0.15619129,0
0.4061235,-0.038765162,0
0.08803529,-0.04606349,0
1.0127504,-0.077297986,0
0.49603364,-0.044540517,0
0.007791019,-0.11305133,0
0.5418081,0.39263228,0
0.04339291,0.11973061,0
0.31469336,0.14002538,0
0.110335834,0.18207474,0
0.18679468,0.12849866,0
0.13733877,-0.38776582,0
0.054709412,0.17182437,0
0.21929303,0.121014565,0
1.1417086,0.43790936,0
1.0786417,0.5609127,0
0.5228115,0.53311443,0
-0.1683822,0.12456888,0
-0.58200336,-0.2533387,0
0.23899685,0.34343812,0
0.6970944,0.31907657,0
-0.3820087,-0.14061503,0
0.13870491,-0.20860155,0
1.6124897,-0.47245732,0
0.05500019,-0.105180636,0
0.0946959,0.109734304,0
0.274639,0.814185,0
0.012378741,-0.51367944,0
0.76541805,-0.47779617,0
2.4257853,0.89113384,0
-0.76384646,-0.3222416,0
0.27783716,-0.33024132,0
0.15962616,-0.73025197,0
-0.10492463,0.022492789,0
-0.4283215,-0.2240924,0
-0.2670966,-0.0587577,0
0.39631525,-0.26758504,0
0.85774356,-1.2006267,0
-0.16072854,-0.144137,0
0.9617018,0.38917777,0
1.7405939,0.74021435,0
-0.06109383,-0.45830598,0
1.1135927,-1.1210629,0
-0.060800232,-0.15426828,0
-0.5962756,-0.29015267,0
0.20410733,-0.20012434,0
1.1027218,-0.5629979,0
0.05038259,-0.32322964,0
-0.5476751,-0.06657089,0
0.16329633,0.18136059,0
0.18115643,0.1572773,0
-0.38315085,0.038931716,0
0.5233531,-0.17845595,0
-0.60970074,-0.14381759,0
-0.14260131,-0.35031176,0
0.9078904,-0.58566105,0
0.52364403,0.05615062,0
0.27504325,-0.010132907,0
-0.15726842,-0.07481858,0
-0.12058929,-0.24717218,0
0.25322,-0.18025768,0
0.40092656,0.13629681,0
-0.034022197,-0.09658694,0
-0.49232382,-0.23840812,0
-0.22072487,0.05125125,0
-0.15095098,0.40196404,0
0.047631115,-0.4694349,0
-0.024721794,-0.03663267,0
-0.037326302,-0.12486552,0
-0.42547417,0.21710986,0
-0.30457526,0.015673202,0
0.26944682,-0.40649077,0
0.7013487,-1.1290302,0
-0.52864903,-0.0037211385,0
-0.58024997,-0.26936105,0
0.6074939,-0.47912854,0
-0.31676996,-0.34575817,0
1.7199827,0.7569608,0
0.05522544,0.07126972,0
-0.19014837,0.025001504,0
-0.15945996,0.2987751,0
0.263361,-0.6726859,0
-0.35672387,-0.3098083,0
0.2623361,0.34296125,0
0.096456096,0.15727052,0
0.22136699,-0.58867973,0
0.92601,0.26179358,0
-0.6180693,-0.10064387,0
-0.09687331,-0.08673038,0
-0.34540817,-0.22858316,0
0.18298355,-0.44506356,0
0.8108217,-0.14450088,0
-0.40211698,-0.20073473,0
0.015001104,-0.44569507,0
-0.4408269,-0.2522132,0
2.4516354,1.0134468,0
0.42333865,-0.84294754,0
0.6038733,-0.93646616,0
-0.50907487,0.20247541,0
-0.38371062,-0.16704282,0
-0.10646863,-0.27139205,0
-0.046826247,-0.1879869,0
-0.2850446,-0.34461802,0
-0.8343653,-0.040952057,0
0.47392184,0.05490729,0
0.3078305,0.035304278,0
0.20062451,-0.08176633,0
0.13308595,0.1541374,0
-0.23632772,-0.046668902,0
-0.25612593,-0.13631235,0
-0.6597473,-0.22311497,0
0.35477567,-0.12831688,0
0.33433947,-0.16616064,0
-0.3617479,-0.3326684,0
0.7620577,-0.34785673,0
1.1943402,0.07285125,0
1.6035477,0.4761369,0
0.14472309,-0.20177889,0
1.072416,-0.47298187,0
0.18953077,0.19486217,0
0.9488115,1.8779471,0
0.18621941,0.012966728,0
1.0575156,0.3494599,0
2.3944192,0.8255751,0
0.5608285,0.6140042,0
1.1134996,0.037575252,0
0.99572295,0.18853274,0
0.9088672,0.35211086,0
0.85396135,0.4287652,0
1.1750888,0.4387702,0
1.103414,-0.7824761,0
0.12613215,-0.015783273,0
0.1077067,-0.24681693,0
0.7908177,-0.9266254,0
0.8969288,0.36899588,0
0.40178242,0.118945315,0
0.26351768,0.1551941,0
1.2011125,1.3016192,0
0.39174494,-0.08871562,0
-0.14665551,-0.12760255,0
0.41150925,0.62928635,0
0.5701161,-0.24749574,0
0.3680659,-0.4119954,0
-0.0950893,-0.14229673,0
0.71922743,-0.51120657,0
0.37496904,0.19046162,0
0.9014658,-0.8346797,0
0.15601705,-0.0741276,0
2.377774,0.9356047,0
1.9569343,0.39781463,0
0.94906235,-0.3122723,0
0.90599954,-0.1963252,0
1.9358084,0.5092951,0
0.34626293,-0.29280147,0
1.4460754,0.3859286,0
0.18015912,-0.24475726,0
1.3553115,0.2200956,0
1.3857869,0.497624,0
0.38824287,-0.093479894,0
1.4383504,0.76981056,0
1.2280558,0.55741686,0
2.3499258,0.8875286,0
-0.25729042,-0.16222903,0
1.6023926,-0.28136107,0
0.8358363,0.09883003,0
1.061211,0.13421081,0
1.5191485,0.30201706,0
0.619877,-0.21524769,0
0.9081589,-0.07827262,0
0.70823205,-0.092586726,0
0.42437735,-0.2584123,0
0.5351691,0.26781327,0
0.4421429,0.1444903,0
0.55420196,0.16766961,0
2.308606,0.973184,0
0.7199318,0.25354996,0
0.32038233,0.30472967,0
0.39254397,-0.74797225,0
0.14975052,-0.2551269,0
0.80574465,-0.15516387,0
1.2661761,0.5284269,0
0.16368128,0.3847812,0
0.9603603,0.3195697,0
1.5173243,0.48731288,0
0.90171653,0.0736977,0
1.118469,0.44654274,0
1.0289795,0.37678656,0
0.2812502,-0.19781077,0
0.31318852,0.2741905,0
0.6376455,-0.34374243,0
0.07942557,-0.028537609,0
0.7708923,0.7223513,0
0.82194227,-0.24537177,0
0.7328554,-0.5565818,0
1.5500921,-0.04483811,0
1.5133576,0.97702456,0
2.4331117,1.1185609,0
1.2797929,0.5267344,0
2.2298214,0.6199573,0
2.1714385,1.0229722,0
2.7404919,1.3601778,0
2.6229289,0.97601765,0
1.6726432,0.8675039,0
0.89010835,0.6869946,0
1.7957184,0.9022561,0
2.7729924,1.3323618,0
0.47065327,-0.2448388,0
0.23531702,0.003818994,0
3.011182,1.3815153,0
2.0316062,0.039350323,0
1.8793943,0.7953577,0
2.1870086,1.0647256,0
2.5498347,1.1766144,0
2.0999775,0.42183882,0
0.61763453,-0.25915742,0
-0.6496999,0.56898934,0
0.5805149,0.2270318,0
0.76545113,0.45458874,0
1.5049137,0.930303,0
2.007166,0.80320257,0
0.1689251,-0.3342789,0
1.1372992,0.42643356,0
0.8565464,-0.030380268,0
2.7043254,1.1812285,0
1.8742034,0.9162561,0
2.2180233,0.31074646,0
1.4610553,-0.5052489,0
2.5801666,1.2518625,0
2.0903296,1.2715621,0
2.7891343,1.3361955,0
0.63369334,0.068444334,0
2.5381925,1.1329905,0
0.87112045,0.16100283,0
0.40640974,0.023420814,0
2.733329,0.4357449,0
2.8949509,1.2556864,0
1.5372392,0.31223777,0
2.0023525,0.9447077,0
0.28388923,0.2483433,0
1.1421888,0.7653758,0
0.7260403,0.2088179,0
0.33793765,0.4178055,0
0.07609575,-0.32580283,0
1.8179574,0.9157622,0
2.397649,1.0154985,0
0.892853,-0.029081326,0
1.5995758,0.57199574,0
0.33826718,0.18282145,0
0.71847343,0.22969791,0
0.11031054,-0.1570657,0
2.4996467,1.1922276,0
2.6924129,1.1176014,0
2.6270797,1.0408609,0
2.3753414,0.96486926,0
2.7060313,0.8766588,0
0.99170107,-0.15946034,0
0.33323774,0.65558845,0
2.7670124,1.2750325,0
1.8720647,0.23215804,0
0.40309057,0.4134513,0
1.4501606,0.39800963,0
1.7475797,-0.24199565,0
1.8879197,0.65309906,0
2.7920184,1.2383149,0
1.0850385,0.045688868,0
1.7022493,0.9898172,0
-0.7078022,0.32816154,0
1.3830913,0.8750931,0
1.3633153,0.70259684,0
2.0930202,1.1320164,0
1.1849856,1.136901,0
1.9303998,0.5337792,0
2.2487407,1.0986339,0
1.8547975,0.5602309,0
2.244652,0.9495392,0
-0.47203133,0.041598737,0
2.591428,1.1484641,0
2.6304667,1.3407398,0
1.1168039,0.3628987,0
0.8842542,-0.23293035,0
0.626087,0.07912732,0
2.1073248,1.2470962,0
0.017847482,-0.5995917,0
2.981285,1.2865248,0
1.1015757,0.35761207,0
-0.1447346,0.076395884,0
0.8184069,0.2171768,0
2.043822,0.45279694,0
0.23544048,0.14927216,0
1.875249,0.7601973,0
0.45038086,0.29051715,0
0.5756129,0.21997993,0
0.7850419,0.41625005,0
2.008872,0.431766,0
-0.06345258,0.009462433,0
0.6265358,0.22704078,0
0.282128,-0.15730576,0
1.4232435,0.6756581,0
2.667093,1.3083143,0
1.5290555,0.7193785,0
-0.017178126,0.21379364,0
2.3543897,1.0093262,0
0.33977327,0.15738945,0
1.2449354,0.5445937,0
0.39130983,0.17510206,0
1.279575,0.64461756,0
0.5413841,0.3268043,0
0.79391754,0.26504773,0
0.79117256,0.21800224,0
2.1866274,0.907241,0
-0.016920328,-0.037179776,0
0.16954283,0.09846235,0
1.6710913,0.61934024,0
0.14182058,-0.058658734,0
0.2917705,-0.1893723,0
1.2826946,0.47455007,0
0.5736823,0.11958034,0
1.1087614,0.5362935,0
0.48626643,0.18869017,0
0.4912483,0.18272382,0
2.4908254,0.7236636,0
0.9173634,0.36835104,0
0.41721806,0.23056774,0
0.33667517,0.16426398,0
0.7642879,0.450342,0
0.37114468,0.10909187,0
0.33372906,0.17222208,0
0.32490328,0.11463237,0
0.43531385,0.24649489,0
0.9211929,0.46421298,0
0.4262438,0.22503003,0
2.1329153,0.38253665,0
2.357962,0.15341277,0
3.0640283,1.168909,0
0.18923986,0.15733315,0
0.46661657,0.119285084,0
0.93015975,0.438611,0
0.33870092,0.39341986,0
1.8937467,0.410567,0
0.86627835,-0.15170924,0
0.38289356,0.21407078,0
0.69800496,0.47757143,0
0.20153691,0.1902505,0
1.3007767,0.510055,0
0.3928456,0.32406095,0
1.077641,0.19201893,0
1.3130554,0.6426093,0
0.22860922,0.11074595,0
1.1388812,0.17291965,0
0.6491322,0.009865899,0
1.1707827,0.56181926,0
-0.41807175,0.07965159,0
0.8813878,0.33093464,0
2.8693173,1.0728741,0
0.67207277,0.09249107,0
2.2966142,1.0275303,0
2.526995,1.1214435,0
1.2717856,0.3220536,0
0.2133137,0.10436744,0
-0.154538,-0.10401064,0
1.6510738,0.7304431,0
1.0483019,-0.7079442,0
0.6984643,0.44353887,0
1.5075952,0.48651615,0
1.0814539,0.20550494,0
0.52178055,-0.22556868,0
1.3193687,-0.18043917,0
1.4637185,0.5889644,0
0.38932094,0.09939611,0
0.6733371,0.086872354,0
0.25116733,-0.37203768,0
1.0050253,0.2344113,0
1.0236644,0.21943082,0
0.77396655,1.8608011,0
2.6050644,0.3630431,0
0.47183976,0.16443893,0
1.7437322,-0.22091676,0
0.11138373,-0.12049401,0
1.9036651,0.49560225,0
1.6165084,0.6512196,0
1.131413,0.33435094,0
-0.07139736,-0.031343393,0
0.010922856,-0.08043931,0
0.1411099,0.04499535,0
1.1351148,0.2192863,0
0.72457725,-0.2727082,0
0.33955216,-0.037181433,0
-0.053233296,-0.061078936,0
0.731083,0.09664276,0
1.2546282,0.42864904,0
1.7688576,-0.021478577,0
0.35046247,0.0480616,0
0.7744641,0.26107678,0
0.052030567,0.112127304,0
1.1198283,0.33573085,0
-0.3124366,0.05761496,0
0.34567496,-0.069149576,0
0.9102468,0.6053159,0
0.56778854,0.02398883,0
0.9566571,-0.09094461,0
0.65144086,0.30259454,0
0.13101469,0.040771935,0
-0.19722731,0.6573736,0
0.5811939,-0.2748689,0
0.8250907,0.24234286,0
1.3831877,0.7293475,0
0.92163116,0.45237303,0
0.94948685,0.24150833,0
1.2536169,0.22138941,0
1.1277647,0.39174986,0
0.4993902,-0.09072123,0
0.96013993,-0.27951086,0
0.98894465,0.18729265,0
0.5842305,0.51569515,0
0.0002399059,0.12292881,0
0.9710969,-0.367867,0
1.5009326,0.3839725,0
0.6676038,-0.032123625,0
0.8200237,0.25261253,0
-0.26508716,0.31467536,0
0.9715844,0.09517108,0
-0.24443872,-0.07743473,0
0.5018139,-0.108566895,0
0.9996716,0.21255523,0
0.31875736,-0.07823344,0
0.753993,0.3157503,0
2.0291078,0.4566335,0
0.7365208,0.25069493,0
0.40407068,0.09297588,0
0.8384185,0.5928367,0
0.66353303,0.16951126,0
0.78880715,0.94933873,0
0.56735754,0.123848826,0
1.0894521,0.43283877,0
0.61070395,0.040583875,0
0.10732405,-0.11260479,0
0.0757296,-0.0038483776,0
1.1991215,0.503328,0
1.4210945,0.32172418,0
1.3844839,-0.2175622,0
1.4886806,0.23770021,0
-0.09838698,0.20788403,0
0.40545705,0.0741369,0
1.3720921,0.7060197,0
1.0512133,0.7119166,0
0.13589819,0.2666893,0
-0.048315667,0.15860692,0
0.779403,0.26723596,0
0.96834904,0.2725159,0
1.2261232,0.25726733,0
1.5200825,0.061862726,0
0.70589936,0.69781923,0
0.7651997,0.0059239753,0
1.193571,0.42873544,0
1.5754725,0.40484267,0
-0.06576633,-0.23618749,0
0.33896837,0.25269935,0
0.35959533,-0.24801835,0
1.1769203,0.33613878,0
0.6157741,0.31802726,0
0.9622122,-0.08921842,0
-0.42815623,-0.15152189,0
0.64296126,0.36105067,0
1.1159617,0.63978344,0
0.5508742,0.21529275,0
0.59058356,0.07238661,0
0.30977312,-0.2641568,0
0.9784433,0.4606366,0
1.1899025,0.6432742,0
0.53668076,-0.027820636,0
0.9732009,0.1683397,0
0.54442054,0.2239309,0
0.01727331,-0.30170858,0
0.54932916,0.30852407,0
1.2720474,1.2344439,0
0.51492625,0.011263635,0
1.198811,0.49905792,0
0.4049746,0.6128126,0
0.6730496,0.30090344,0
0.6445852,0.3042628,0
1.0913997,0.4807094,0
0.31947997,0.1448732,0
